dataset,featurizer,model,rmse,mae,r2,runtime_s
smoke_polymer,mordred,RF,0.016387207057740993,0.016387207057740993,,0.4564652442932129
smoke_polymer,morgan,RF,0.0510533487846454,0.0510533487846454,,0.4145667552947998
