dataset,r2,paper_rfecfp_r2,delta_ours_minus_paper
Eea,0.8338916530285573,0.8401,-0.00620834697144268
Egb,0.8425403226528114,0.8643,-0.021759677347188533
Egc,0.8627389917060663,0.8704,-0.00766100829393368
Ei,0.7548926338331069,0.7421,0.012792633833106914
EPS,0.7394959828407321,0.684,0.055495982840732094
Nc,0.7959535313880528,0.754,0.0419535313880528
Xc,0.3049151884175119,0.4345,-0.12958481158248808
Avg. R2,0.7334897576952627,0.7413,-0.007810242304737258
