featurizer,model,rmse,mae,r2,runtime_s
mordred,TabICL,3.830944439724558,2.3415829300880433,0.5915012359619141,65.27288470268249
mordred,RF,3.9385721032501095,2.5024567916618685,0.5280225063467127,10.20957546234131
mordred,XGBoost,4.057211528699646,2.5114784717559813,0.5029592037200927,10.27783899307251
mordred,CatBoost,4.129805097022752,2.5046251925108916,0.4938760760850395,55.00755758285523
morgan,TabICL,4.64935556245912,2.770752024650574,0.2615333437919617,42.31872606277466
morgan,CatBoost,4.942398064948495,3.1174919168335635,0.20328294571129035,1.271547555923462
morgan,RF,5.104653706466197,3.1984453116473595,0.16456746865990812,1.071136474609375
morgan,XGBoost,5.434450492988572,3.3456433415412903,0.13244816064834594,0.2251969337463379
