source,task,featurizer,model,rmse,mae,r2,accuracy,roc_auc,runtime_s
smoke,regression,mordred,RF,0.016387207057740993,0.016387207057740993,,,,0.4128568172454834
smoke,regression,morgan,RF,0.0510533487846454,0.0510533487846454,,,,0.3995394706726074
